adilabad,Adilabad
agar_malwa,Agar Malwa
agra,Agra
ahmadabad,Ahmedabad
ahmadnagar,Ahmednagar
aizawl,Aizawl
ajmer,Ajmer
akola,Akola
alappuzha,Alappuzha
aligarh,Aligarh
alipurduar,Alipurduar
alirajpur,Alirajpur
allahabad,nameChange to pryagraj
almora,Almora
alwar,Alwar
ambala,Ambala
ambedkar_nagar,Ambedkar Nagar
amethi,Amethi
amravati,Amravati
amreli,Amreli
amritsar,Amritsar
amroha,Amroha
anand,Anand
anantapur,Anantapur
anantnag,Anantnag
anjaw,Angul
anugul,Anjaw
anuppur,Anuppur
araria,Araria
aravalli,Aravalli
ariyalur,Ariyalur
arwal,Arwal
ashoknagar,Ashoknagar
auraiya,Auraiya
aurangabad,Aurangabad
faizabad,Ayodhya
azamgarh,Azamgarh
bagalkot,Bagalkote
bageshwar,Bageshwar
baghpat,Baghpat
bahraich,Bahraich
baksa,Baksa
balaghat,Balaghat
balangir,Balangir
baleshwar,Balasore
bellary,Ballari
ballia,Ballia
balod,Balod
baloda_bazar,Baloda Bazar
balrampur,Balrampur
balrampur,Bametara
banas_kantha,Banaskantha
banda,Banda
bandipore,Bandipora
banka,Banka
bankura,Bankura
banswara,Banswara
barabanki,Barabanki
baramulla,Baramulla
baran,Baran
bareilly,Bareilly
bargarh,Bargarh
barmer,Barmer
barnala,Barnala
barpeta,Barpeta
barwani,Barwani
bastar,Bastar
basti,Basti
bathinda,Bathinda
bid,Beed
begusarai,Begusarai
belgaum,Belagavi
bangalore_rural,Bengaluru Rural
bangalore,Bengaluru Urban
betul,Betul
sant_ravi_das_nagar,Bhadohi
bhadradri_kothagudem,Bhadradri Kothagudem
bhadrak,Bhadrak
bhagalpur,Bhagalpur
bhandara,Bhandara
bharatpur,Bharatpur
bharuch,Bharuch
bhavnagar,Bhavnagar
bhilwara,Bhilwara
bhind,Bhind
bhiwani,Bhiwani
bhojpur,Bhojpur
bhopal,Bhopal
bidar,Bidar
bijapur,Bijapur
bijnor,Bijnor
bikaner,Bikaner
bilaspur,Bilaspur
birbhum,Birbhum
bishnupur,Bishnupur
sonitpur,Biswanath
bokaro,Bokaro
bongaigaon,Bongaigaon
botad,Botad
bauda,Boudh
budaun,Budaun
badgam,Budgam
bulandshahr,Bulandshahr
buldana,Buldhana
bundi,Bundi
burhanpur,Burhanpur
buxar,Buxar
cachar,Cachar
west,Central Delhi
chamrajnagar,Chamarajanagara
chamba,Chamba
chamoli,Chamoli
champawat,Champawat
champhai,Champhai
chandauli,Chandauli
chandel,Chandel
chandigarh,Chandigarh
chandrapur,Chandrapur
changlang,Changlang
sivasagar,Charaideo
bhiwani,Charkhi Dadri
chatra,Chatra
kancheepuram,Chengalpattu
chennai,Chennai
chhatarpur,Chhatarpur
chhindwara,Chhindwara
chhota_udaipur,Chhota Udaipur
chikballapura,Chikkaballapura
chikmagalur,Chikkamagaluru
chirang,Chirang
chitradurga,Chitradurga
chitrakoot,Chitrakoot
chittoor,Chittoor
chittaurgarh,Chittorgarh
churachandpur,Churachandpur
churu,Churu
coimbatore,Coimbatore
koch_bihar,Cooch Behar
cuddalore,Cuddalore
cuttack,Cuttack
dadra_and_nagar_haveli,Dadra and Nagar Haveli
dahod,Dahod
dantewada,Dakshin Bastar Dantewada
dakshin_dinajpur,Dakshin Dinajpur
dakshina_kannada,Dakshina Kannada
daman,Daman
damoh,Damoh
the_dangs,Dang
darbhanga,Darbhanga
darjiling,Darjeeling
darrang,Darrang
datia,Datia
dausa,Dausa
davanagere,Davanagere
debagarh,Dehradun
dehradun,Deogarh
deoghar,Deoghar
deoria,Deoria
devbhumi_dwarka,Devbhumi Dwarka
dewas,Dewas
dhalai,Dhalai
dhamtari,Dhamtari
dhanbad,Dhanbad
dhar,Dhar
dharmapuri,Dharmapuri
dharwad,Dharwad
dhaulpur,Dhemaji
dhemaji,Dhenkanal
dhenkanal,Dholpur
dhubri,Dhubri
dhule,Dhule
dibrugarh,Dibrugarh
dima_hasao,Dima Hasao
dimapur,Dimapur
dindigul,Dindigul
dindori,Dindori
diu,Diu
doda,Doda
dumka,Dumka
dungarpur,Dungarpur
durg,Durg
purba_champaran,East Champaran
west,East Delhi
east_garo_hills,East Garo Hills
east_godavari,East Godavari
jaintia_hills,East Jaintia Hills
east_kameng,East Kameng
east_khasi_hills,East Khasi Hills
east_siang,East Siang
east_sikkim,East Sikkim
purbi_singhbhum,East Singhbhum
ernakulam,Ernakulam
erode,Erode
etah,Etah
etawah,Etawah
faridabad,Faridabad
faridkot,Faridkot
farrukhabad,Farrukhabad
fatehabad,Fatehabad
fatehgarh_sahib,Fatehgarh Sahib
fatehpur,Fatehpur
fazilka,Fazilka
firozabad,Ferozepur
firozpur,Firozabad
gadag,Gadag
garhchiroli,Gadchiroli
gajapati,Gajapati
ganderbal,Ganderbal
gandhinagar,Gandhinagar
ganganagar,Ganganagar
ganjam,Ganjam
garhwa,Garhwa
gariaband,Gariaband
gautam_buddha_nagar,Gautam Buddha Nagar
gaya,Gaya
ghaziabad,Ghaziabad
ghazipur,Ghazipur
gir_somnath,Gir Somnath
giridih,Giridih
goalpara,Goalpara
godda,Godda
golaghat,Golaghat
gomati,Gomati
gonda,Gonda
gondiya,Gondia
gopalganj,Gopalganj
gorakhpur,Gorakhpur
gumla,Gumla
guna,Guna
guntur,Guntur
gurdaspur,Gurdaspur
gurgaon,Gurugram
gwalior,Gwalior
hailakandi,Hailakandi
hamirpur,Hamirpur
hanumangarh,Hanumangarh
hapur,Hapur
harda,Harda
hardoi,Hardoi
hardwar,Haridwar
hassan,Hassan
hathras,Hathras
haveri,Haveri
hazaribagh,Hazaribagh
hingoli,Hingoli
hisar,Hisar
lunglei,Hnahthial
nagaon,Hojai
hugli,Hooghly
hoshangabad,Hoshangabad
hoshiarpur,Hoshiarpur
haora,Howrah
hyderabad,Hyderabad
idukki,Idukki
imphal_east,Imphal East
imphal_west,Imphal West
indore,Indore
jabalpur,Jabalpur
jagatsinghapur,Jagatsinghpur
jagtial,Jagtial
jaipur,Jaipur
jaisalmer,Jaisalmer
jajapur,Jajpur
jalandhar,Jalandhar
jalaun,Jalaun
jalgaon,Jalgaon
jalna,Jalna
jalor,Jalore
jalpaiguri,Jalpaiguri
jammu,Jammu
jamnagar,Jamnagar
jamtara,Jamtara
jamui,Jamui
jangoan,Jangaon
janjgir-champa,Janjgir Champa
jashpur,Jashpur
jaunpur,Jaunpur
jayashankar_bhupalpally,Jayashankar Bhupalapally
jehanabad,Jehanabad
jhabua,Jhabua
jhajjar,Jhajjar
jhalawar,Jhalawar
jhansi,Jhansi
pashchim_medinipur,Jhargram
jharsuguda,Jharsuguda
jhunjhunun,Jhunjhunu
jind,Jind
imphal_east,Jiribam
jodhpur,Jodhpur
jogulamba_gadwal,Jogulamba Gadwal
jorhat,Jorhat
junagadh,Junagadh
kabeerdham,Kabeerdham
kaimur,Kaimur
kaithal,Kaithal
thoubal,Kakching
gulbarga,Kalaburagi
kalahandi,Kalahandi
darjiling,Kalimpong
viluppuram,Kallakurichi
kamareddy,Kamareddy
ukhrul,Kamjong
lower_subansiri,Kamle
kamrup,Kamrup
kamrup_metropolitan,Kamrup Metropolitan
kancheepuram,Kancheepuram
kandhamal,Kandhamal
senapati,Kangpokpi
kangra,Kangra
kannauj,Kannauj
kannur,Kannur
kanpur_dehat,Kanpur Dehat
kanpur_nagar,Kanpur Nagar
kanniyakumari,Kanyakumari
kapurthala,Kapurthala
karaikal,Karaikal
karauli,Karauli
karbi_anglong,Karbi Anglong
kargil,Kargil
karimganj,Karimganj
karimnagar,Karimnagar
karnal,Karnal
karur,Karur
kasaragod,Kasaragod
kasganj,Kasganj
kathua,Kathua
katihar,Katihar
katni,Katni
kaushambi,Kaushambi
kendrapara,Kendrapara
kendujhar,Kendujhar
khagaria,Khagaria
khammam,Khammam
east_nimar,Khandwa
west_nimar,Khargone
champhai,Khawzawl
kheda,Kheda
khordha,Khordha
khowai,Khowai
khunti,Khunti
kinnaur,Kinnaur
kiphire,Kiphire
kishanganj,Kishanganj
kishtwar,Kishtwar
kodagu,Kodagu
kodarma,Koderma
kohima,Kohima
kokrajhar,Kokrajhar
kolar,Kolar
kolasib,Kolasib
kolhapur,Kolhapur
kolkata,Kolkata
kollam,Kollam
kumurambheem_asifabad,Komaram Bheem
kondagaon,Kondagaon
koppal,Koppal
koraput,Koraput
korba,Korba
koriya,Koriya
kota,Kota
kottayam,Kottayam
kozhikode,Kozhikode
kurung_kumey,Kra Daadi
krishna,Krishna
krishnagiri,Krishnagiri
kulgam,Kulgam
kullu,Kullu
kupwara,Kupwara
kurnool,Kurnool
kurukshetra,Kurukshetra
kurung_kumey,Kurung Kumey
kushinagar,Kushinagar
kachchh,Kutch
lahul_and_spiti,Lahaul and Spiti
lakhimpur,Lakhimpur
lakhimpur_kheri,Lakhimpur Kheri
lakhisarai,Lakhisarai
lakshadweep,Lakshadweep
lalitpur,Lalitpur
latehar,Latehar
latur,Latur
lawangtlai,Lawngtlai
leh,Leh
west_siang,Lepa Rada
lohardaga,Lohardaga
lohit,Lohit
longding,Longding
longleng,Longleng
lower_dibang_valley,Lower Dibang Valley
west_siang,Lower Siang
lower_subansiri,Lower Subansiri
lucknow,Lucknow
ludhiana,Ludhiana
lunglei,Lunglei
madhepura,Madhepura
madhubani,Madhubani
madurai,Madurai
mahabubabad,Mahabubabad
mahbubnagar,Mahabubnagar
maharajganj,Maharajganj
mahasamund,Mahasamund
mahe,Mahe
mahendragarh,Mahendragarh
mahisagar,Mahisagar
mahoba,Mahoba
mainpuri,Mainpuri
jorhat,Majuli
malappuram,Malappuram
maldah,Malda
malkangiri,Malkangiri
mamit,Mamit
mancherial,Mancherial
mandi,Mandi
mandla,Mandla
mandsaur,Mandsaur
mandya,Mandya
mansa,Mansa
mathura,Mathura
mau,Mau
mayurbhanj,Mayurbhanj
medak,Medak
medchal_malkajgiri,Medchal Malkajgiri
meerut,Meerut
mahesana,Mehsana
mirpur,Mirpur
mirzapur,Mirzapur
moga,Moga
mokokchung,Mokokchung
mon,Mon
moradabad,Moradabad
morbi,Morbi
morena,Morena
morigaon,Morigaon
mulugu,Mulugu
mumbai_city,Mumbai
mumbai_suburban,Mumbai Suburban
mungeli,Mungeli
munger,Munger
murshidabad,Murshidabad
muzaffarabad,Muzaffarabad
muzaffarnagar,Muzaffarnagar
muzaffarpur,Muzaffarpur
mysore,Mysuru
nabarangapur,Nabarangapur
nadia,Nadia
nagaon,Nagaon
nagappattinam,Nagapattinam
nagarkurnool,Nagarkurnool
nagaur,Nagaur
nagpur,Nagpur
nainital,Nainital
nalanda,Nalanda
nalbari,Nalbari
nalgonda,Nalgonda
namakkal,Namakkal
namsai,Namsai
nanded,Nanded
nandurbar,Nandurbar
narayanpet,Narayanpet
narayanpur,Narayanpur
narmada,Narmada
narsimhapur,Narsinghpur
nashik,Nashik
navsari,Navsari
nawada,Nawada
nayagarh,Nayagarh
neemuch,Neemuch
west,New Delhi
nicobar_islands,Nicobars
the_nilgiris,Nilgiris
nirmal,Nirmal
tikamgarh,Niwari
nizamabad,Nizamabad
tamenglong,Noney
north_24_parganas,North 24 Parganas
west,North Delhi
west,North East Delhi
north_garo_hills,North Garo Hills
north_goa,North Goa
north_sikkim,North Sikkim
north_tripura,North Tripura
west,North West Delhi
north_and_middle_andaman,North and Middle Andaman
nuapada,Nuapada
mewat,Nuh
osmanabad,Osmanabad
east_kameng,Pakke Kessang
pakur,Pakur
palakkad,Palakkad
palamu,Palamu
palghar,Palghar
pali,Pali
palwal,Palwal
panchkula,Panchkula
panch_mahals,Panchmahal
panipat,Panipat
panna,Panna
papum_pare,Papum Pare
parbhani,Parbhani
barddhaman,Paschim Bardhaman
pashchim_medinipur,Paschim Medinipur
patan,Patan
pathanamthitta,Pathanamthitta
pathankot,Pathankot
patiala,Patiala
patna,Patna
garhwal,Pauri Garhwal
peddapalli,Peddapalli
perambalur,Perambalur
peren,Peren
phek,Phek
churachandpur,Pherzawl
pilibhit,Pilibhit
pithoragarh,Pithoragarh
porbandar,Porbandar
prakasam,Prakasam
pratapgarh,Pratapgarh
pratapgarh,Prayagraj
puducherry,Puducherry
pudukkottai,Pudukkottai
pulwama,Pulwama
poonch,Punch
pune,Pune
barddhaman,Purba Bardhaman
purba_medinipur,Purba Medinipur
puri,Puri
purnia,Purnia
puruliya,Purulia
rae_bareli,Rae Bareli
raichur,Raichur
raigarh,Raigad
raigarh,Raigarh
raipur,Raipur
raisen,Raisen
rajanna_sircilla,Rajanna Sircilla
rajgarh,Rajgarh
rajkot,Rajkot
rajnandgaon,Rajnandgaon
rajouri,Rajouri
rajsamand,Rajsamand
ramanagara,Ramanagara
ramanathapuram,Ramanathapuram
ramban,Ramban
ramgarh,Ramgarh
rampur,Rampur
ranchi,Ranchi
rangareddy,Ranga Reddy
vellore,Ranipet
ratlam,Ratlam
ratnagiri,Ratnagiri
rayagada,Rayagada
reasi,Reasi
rewa,Rewa
rewari,Rewari
ri_bhoi,Ribhoi
rohtak,Rohtak
rohtas,Rohtas
rudraprayag,Rudraprayag
rupnagar,Rupnagar
sahibzada_ajit_singh_nagar,S.A.S. Nagar
nellore,S.P.S. Nellore
sabar_kantha,Sabarkantha
sagar,Sagar
saharanpur,Saharanpur
saharsa,Saharsa
sahibganj,Sahibganj
saiha,Saiha
salem,Salem
samastipur,Samastipur
samba,Samba
sambalpur,Sambalpur
sambhal,Sambhal
sangareddy,Sangareddy
sangli,Sangli
sangrur,Sangrur
sant_kabir_nagar,Sant Kabir Nagar
saraikela-kharsawan,Saraikela-Kharsawan
saran,Saran
satara,Satara
satna,Satna
sawai_madhopur,Sawai Madhopur
sehore,Sehore
senapati,Senapati
seoni,Seoni
serchhip,Serchhip
west,Shahdara
shahdol,Shahdol
shahid_bhagat_singh_nagar,Shahid Bhagat Singh Nagar
shahjahanpur,Shahjahanpur
shajapur,Shajapur
shamli,Shamli
sheikhpura,Sheikhpura
sheohar,Sheohar
sheopur,Sheopur
west_siang,Shi Yomi
shimla,Shimla
shimoga,Shivamogga
shivpuri,Shivpuri
shupiyan,Shopiyan
shravasti,Shrawasti
west_siang,Siang
siddharth_nagar,Siddharthnagar
siddipet,Siddipet
sidhi,Sidhi
sikar,Sikar
simdega,Simdega
sindhudurg,Sindhudurg
singrauli,Singrauli
sipahijala,Sipahijala
sirmaur,Sirmaur
sirohi,Sirohi
sirsa,Sirsa
sitamarhi,Sitamarhi
sitapur,Sitapur
sivaganga,Sivaganga
sivasagar,Sivasagar
siwan,Siwan
solan,Solan
solapur,Solapur
sonbhadra,Sonbhadra
sonipat,Sonipat
sonitpur,Sonitpur
south_24_parganas,South 24 Parganas
south_andaman,South Andaman
west,South Delhi
west,South East Delhi
south_garo_hills,South Garo Hills
south_goa,South Goa
dhubri,South Salmara Mankachar
south_sikkim,South Sikkim
south_tripura,South Tripura
west,South West Delhi
south_west_garo_hills,South West Garo Hills
south_west_khasi_hills,South West Khasi Hills
muktsar,Sri Muktsar Sahib
srikakulam,Srikakulam
srinagar,Srinagar
subarnapur,Subarnapur
sukma,Sukma
sultanpur,Sultanpur
sundargarh,Sundargarh
supaul,Supaul
surajpur,Surajpur
surat,Surat
surendranagar,Surendranagar
surguja,Surguja
suryapet,Suryapet
tamenglong,Tamenglong
tapi,Tapi
tarn_taran,Tarn Taran
tawang,Tawang
tehri_garhwal,Tehri Garhwal
chandel,Tengnoupal
tirunelveli,Tenkasi
thane,Thane
thanjavur,Thanjavur
theni,Theni
thiruvallur,Thiruvallur
thiruvananthapuram,Thiruvananthapuram
thiruvarur,Thiruvarur
thoothukkudi,Thoothukkudi
thoubal,Thoubal
thrissur,Thrissur
tikamgarh,Tikamgarh
tinsukia,Tinsukia
tirap,Tirap
tiruchirappalli,Tiruchirappalli
tirunelveli,Tirunelveli
krishnagiri,Tirupathur
tiruppur,Tiruppur
tiruvannamalai,Tiruvannamalai
tonk,Tonk
tuensang,Tuensang
tumkur,Tumakuru
udaipur,Udaipur
udalguri,Udalguri
udham_singh_nagar,Udham Singh Nagar
udhampur,Udhampur
udupi,Udupi
ujjain,Ujjain
ukhrul,Ukhrul
umaria,Umaria
una,Una
unnao,Unnao
unokoti,Unokoti
dibang_valley,Upper Dibang Valley
upper_siang,Upper Siang
upper_subansiri,Upper Subansiri
uttar_bastar_kanker,Uttar Bastar Kanker
uttar_dinajpur,Uttar Dinajpur
uttara_kannada,Uttara Kannada
uttarkashi,Uttarkashi
vadodara,Vadodara
vaishali,Vaishali
valsad,Valsad
varanasi,Varanasi
vellore,Vellore
vidisha,Vidisha
bijapur,Vijayapura
vikarabad,Vikarabad
viluppuram,Viluppuram
virudunagar,Virudhunagar
visakhapatnam,Visakhapatnam
vizianagaram,Vizianagaram
wanaparthy,Wanaparthy
warangal_rural,Warangal Rural
warangal_urban,Warangal Urban
wardha,Wardha
washim,Washim
wayanad,Wayanad
pashchim_champaran,West Champaran
west,West Delhi
west_garo_hills,West Garo Hills
west_godavari,West Godavari
jaintia_hills,West Jaintia Hills
west_kameng,West Kameng
karbi_anglong,West Karbi Anglong
west_khasi_hills,West Khasi Hills
west_siang,West Siang
west_sikkim,West Sikkim
pashchimi_singhbhum,West Singhbhum
west_tripura,West Tripura
wokha,Wokha
y_s_r,Y.S.R. Kadapa
yadadri_bhuvanagiri,Yadadri Bhuvanagiri
yadgir,Yadgir
yamunanagar,Yamunanagar
yanam,Yanam
yavatmal,Yavatmal
zunheboto,Zunheboto